{
	"partitions" : [
		{
			"name" : "Top",
			"pins" : [
				{
					"name" : "o_resultado[0]",
					"strict" : false
				},
				{
					"name" : "o_resultado[1]",
					"strict" : false
				},
				{
					"name" : "o_resultado[2]",
					"strict" : false
				},
				{
					"name" : "o_resultado[3]",
					"strict" : false
				},
				{
					"name" : "o_resultado[4]",
					"strict" : false
				},
				{
					"name" : "o_resultado[5]",
					"strict" : false
				},
				{
					"name" : "o_resultado[6]",
					"strict" : false
				},
				{
					"name" : "o_resultado[7]",
					"strict" : false
				},
				{
					"name" : "o_resultado[8]",
					"strict" : false
				},
				{
					"name" : "o_resultado[9]",
					"strict" : false
				},
				{
					"name" : "o_resultado[10]",
					"strict" : false
				},
				{
					"name" : "o_resultado[11]",
					"strict" : false
				},
				{
					"name" : "o_resultado[12]",
					"strict" : false
				},
				{
					"name" : "o_resultado[13]",
					"strict" : false
				},
				{
					"name" : "o_resultado[14]",
					"strict" : false
				},
				{
					"name" : "o_resultado[15]",
					"strict" : false
				},
				{
					"name" : "o_resultado[16]",
					"strict" : false
				},
				{
					"name" : "o_resultado[17]",
					"strict" : false
				},
				{
					"name" : "o_resultado[18]",
					"strict" : false
				},
				{
					"name" : "o_resultado[19]",
					"strict" : false
				},
				{
					"name" : "o_resultado[20]",
					"strict" : false
				},
				{
					"name" : "o_resultado[21]",
					"strict" : false
				},
				{
					"name" : "o_resultado[22]",
					"strict" : false
				},
				{
					"name" : "o_resultado[23]",
					"strict" : false
				},
				{
					"name" : "o_resultado[24]",
					"strict" : false
				},
				{
					"name" : "o_resultado[25]",
					"strict" : false
				},
				{
					"name" : "o_resultado[26]",
					"strict" : false
				},
				{
					"name" : "o_resultado[27]",
					"strict" : false
				},
				{
					"name" : "o_resultado[28]",
					"strict" : false
				},
				{
					"name" : "o_resultado[29]",
					"strict" : false
				},
				{
					"name" : "o_resultado[30]",
					"strict" : false
				},
				{
					"name" : "o_resultado[31]",
					"strict" : false
				},
				{
					"name" : "o_ocupado",
					"strict" : false
				},
				{
					"name" : "i_init",
					"strict" : false
				},
				{
					"name" : "i_reset",
					"strict" : false
				},
				{
					"name" : "i_infere[1][3]",
					"strict" : false
				},
				{
					"name" : "i_infere[2][3]",
					"strict" : false
				},
				{
					"name" : "i_infere[0][3]",
					"strict" : false
				},
				{
					"name" : "i_infere[3][3]",
					"strict" : false
				},
				{
					"name" : "i_infere[1][2]",
					"strict" : false
				},
				{
					"name" : "i_infere[2][2]",
					"strict" : false
				},
				{
					"name" : "i_infere[0][2]",
					"strict" : false
				},
				{
					"name" : "i_infere[3][2]",
					"strict" : false
				},
				{
					"name" : "i_infere[1][1]",
					"strict" : false
				},
				{
					"name" : "i_infere[2][1]",
					"strict" : false
				},
				{
					"name" : "i_infere[0][1]",
					"strict" : false
				},
				{
					"name" : "i_infere[3][1]",
					"strict" : false
				},
				{
					"name" : "i_infere[1][0]",
					"strict" : false
				},
				{
					"name" : "i_infere[2][0]",
					"strict" : false
				},
				{
					"name" : "i_infere[0][0]",
					"strict" : false
				},
				{
					"name" : "i_infere[3][0]",
					"strict" : false
				},
				{
					"name" : "i_infere[1][-1]",
					"strict" : false
				},
				{
					"name" : "i_infere[2][-1]",
					"strict" : false
				},
				{
					"name" : "i_infere[0][-1]",
					"strict" : false
				},
				{
					"name" : "i_infere[3][-1]",
					"strict" : false
				},
				{
					"name" : "i_infere[1][-2]",
					"strict" : false
				},
				{
					"name" : "i_infere[2][-2]",
					"strict" : false
				},
				{
					"name" : "i_infere[0][-2]",
					"strict" : false
				},
				{
					"name" : "i_infere[3][-2]",
					"strict" : false
				},
				{
					"name" : "i_infere[1][-3]",
					"strict" : false
				},
				{
					"name" : "i_infere[2][-3]",
					"strict" : false
				},
				{
					"name" : "i_infere[0][-3]",
					"strict" : false
				},
				{
					"name" : "i_infere[3][-3]",
					"strict" : false
				},
				{
					"name" : "i_infere[1][-4]",
					"strict" : false
				},
				{
					"name" : "i_infere[2][-4]",
					"strict" : false
				},
				{
					"name" : "i_infere[0][-4]",
					"strict" : false
				},
				{
					"name" : "i_infere[3][-4]",
					"strict" : false
				},
				{
					"name" : "i_infere[1][-5]",
					"strict" : false
				},
				{
					"name" : "i_infere[2][-5]",
					"strict" : false
				},
				{
					"name" : "i_infere[0][-5]",
					"strict" : false
				},
				{
					"name" : "i_infere[3][-5]",
					"strict" : false
				},
				{
					"name" : "i_infere[2][-6]",
					"strict" : false
				},
				{
					"name" : "i_infere[1][-6]",
					"strict" : false
				},
				{
					"name" : "i_infere[0][-6]",
					"strict" : false
				},
				{
					"name" : "i_infere[3][-6]",
					"strict" : false
				},
				{
					"name" : "i_infere[1][-7]",
					"strict" : false
				},
				{
					"name" : "i_infere[2][-7]",
					"strict" : false
				},
				{
					"name" : "i_infere[0][-7]",
					"strict" : false
				},
				{
					"name" : "i_infere[3][-7]",
					"strict" : false
				},
				{
					"name" : "i_infere[2][-8]",
					"strict" : false
				},
				{
					"name" : "i_infere[1][-8]",
					"strict" : false
				},
				{
					"name" : "i_infere[0][-8]",
					"strict" : false
				},
				{
					"name" : "i_infere[3][-8]",
					"strict" : false
				},
				{
					"name" : "i_infere[1][-9]",
					"strict" : false
				},
				{
					"name" : "i_infere[2][-9]",
					"strict" : false
				},
				{
					"name" : "i_infere[0][-9]",
					"strict" : false
				},
				{
					"name" : "i_infere[3][-9]",
					"strict" : false
				},
				{
					"name" : "i_infere[2][-10]",
					"strict" : false
				},
				{
					"name" : "i_infere[1][-10]",
					"strict" : false
				},
				{
					"name" : "i_infere[0][-10]",
					"strict" : false
				},
				{
					"name" : "i_infere[3][-10]",
					"strict" : false
				},
				{
					"name" : "i_infere[1][-11]",
					"strict" : false
				},
				{
					"name" : "i_infere[2][-11]",
					"strict" : false
				},
				{
					"name" : "i_infere[0][-11]",
					"strict" : false
				},
				{
					"name" : "i_infere[3][-11]",
					"strict" : false
				},
				{
					"name" : "i_infere[2][-12]",
					"strict" : false
				},
				{
					"name" : "i_infere[1][-12]",
					"strict" : false
				},
				{
					"name" : "i_infere[0][-12]",
					"strict" : false
				},
				{
					"name" : "i_infere[3][-12]",
					"strict" : false
				}
			]
		}
	]
}